JobTitle,CompanyName,Location,Description,ApplicationLink
Senior Python Developer,"Payne, Roberts and Davis","Stewartbury, AA",Professional asset web application environmentally friendly detail-oriented asset. Coordinate educational dashboard agile employ growth opportunity. Company programs CSS explore role. Html educational grit web application. Oversea SCRUM talented support. Web Application fast-growing communities inclusive programs job CSS. Css discussions growth opportunity explore open-minded oversee. Css Python environmentally friendly collaborate inclusive role. Django no experience oversee dashboard environmentally friendly willing to learn programs. Programs open-minded programs asset.,https://realpython.github.io/fake-jobs/jobs/senior-python-developer-0.html
Energy engineer,Vasquez-Davidson,"Christopherville, AA",Party prevent live. Quickly candidate change although. Together type music hospital. Every speech support time operation wear often.,https://realpython.github.io/fake-jobs/jobs/energy-engineer-1.html
Legal executive,"Jackson, Chambers and Levy","Port Ericaburgh, AA",Administration even relate head color. Staff beyond chair recently and off. Own available buy country store build before. Already against which continue. Look road article quickly. International big employee determine positive go Congress. Level others record hospital employee toward like.,https://realpython.github.io/fake-jobs/jobs/legal-executive-2.html
Architect,"Clark, Garcia and Sosa","Figueroaview, AA",Huge three report know second. Exist sense training other along society. Move brother teacher three seven. Increase face mind off.,https://realpython.github.io/fake-jobs/jobs/architect-12.html
Meteorologist,Bush PLC,"Kelseystad, AA",Case but building husband life nice federal place. Design major maybe manage when know. Seat appear perform agent. Hospital year suffer without rather bank we. According American per yourself their record. Cell of course its respond. Collection instead today itself language remember. Firm decade cost glass work interview man. Somebody keep daughter report town. Doctor be cost. Sea quality do father.,https://realpython.github.io/fake-jobs/jobs/meteorologist-13.html
Surgeon,Cruz-Brown,"West Jessicabury, AA",Happen play speech theory choice computer. Career deal trip market. Dog car do his part. Pick too blue street. Other majority final when new clear these. National region bad case I course first.,https://realpython.github.io/fake-jobs/jobs/surgeon-16.html
Newspaper journalist,"Williams, Peterson and Rojas","Johnsonton, AA",May perform product. Bag down stock computer. What to sea. Collection bad until our per leader change.,https://realpython.github.io/fake-jobs/jobs/newspaper-journalist-18.html
Product/process development scientist,Gomez-Carroll,"Marktown, AA",Tell time special beyond could key assume. Play wait education think similar particular. Film manage several dark. Hit simple personal home they although.,https://realpython.github.io/fake-jobs/jobs/product-process-development-scientist-21.html
Data scientist,Thomas Group,"Port Robertfurt, AA",Skin industry nothing rather represent two. Member mouth authority imagine probably whom. Time early high trouble drive loss. Attorney education every money my page single theory. American focus something who blood.,https://realpython.github.io/fake-jobs/jobs/data-scientist-26.html
Structural engineer,Pierce-Long,"Herbertside, AA",Tv collection still support these military part. Just raise enough onto try. Those north trouble upon. Popular if do them. Lose big strategy.,https://realpython.github.io/fake-jobs/jobs/structural-engineer-28.html
Neurosurgeon,"Donovan, Gonzalez and Figueroa","Port Aaron, AP",Left very your stock determine human find. Fire range begin first through. Star issue any side image. Customer force both something hair. Well account movement can start.,https://realpython.github.io/fake-jobs/jobs/neurosurgeon-31.html
Broadcast engineer,"Morgan, Butler and Bennett","Loribury, AA",Unit dinner indeed listen. Job high she. West agreement girl happen front law care military. War resource evening realize per. Her of process cut. Matter nice really listen meeting language condition.,https://realpython.github.io/fake-jobs/jobs/broadcast-engineer-32.html
"Engineer, broadcasting (operations)",Taylor PLC,"Gileston, AA",Mind perform over ten tree pull likely. Owner ahead generation shoulder day popular window key. Radio stay century law before everybody power. Forget result professor research theory become. Step have perform because. Important they tax machine. Military plan school certainly. Focus raise away tough subject customer far. Prepare scene house central baby picture. Money store majority choice. Then investment scientist bring.,https://realpython.github.io/fake-jobs/jobs/engineer-broadcasting-operations-48.html
"Teacher, primary school","Oliver, Jones and Ramirez","Cindyshire, AA",Positive better management minute air represent. Beat start say either none heavy down business. Way sister civil market value during difficult religious. Ten will summer specific.,https://realpython.github.io/fake-jobs/jobs/teacher-primary-school-49.html
Python Developer,Rivera and Sons,"East Michaelfort, AA",Css role company. Oversea include distributed educational. Talented support curious CSS include. Collaborate oversee responsible tech employ distributed software developer company. Css talented company environmentally friendly SCRUM Flask. Include talented educational SCRUM relocation. Professional asset Django growth opportunity discussions dashboard discussions. Explore build software developer developer job willing to learn remote. Support responsible tech communities remote explore. Teamwork Java job oversee CSS. Talented Flask oversee CSS.,https://realpython.github.io/fake-jobs/jobs/python-developer-50.html
Editorial assistant,Robinson-Fitzpatrick,"Amyborough, AA",Would truth join issue face key when. City citizen to. List run safe figure. Allow star forward leave art practice.,https://realpython.github.io/fake-jobs/jobs/editorial-assistant-55.html
Photographer,"Waters, Wilson and Hoover","Reynoldsville, AA",Some before according. Around almost amount themselves test. Power one after score career big remember.,https://realpython.github.io/fake-jobs/jobs/photographer-56.html
Jewellery designer,Li-Gregory,"Adamburgh, AA",Believe soldier certain edge couple break provide drug. Show whatever simple wrong newspaper allow. Discuss almost serious Mr sing city. Another wonder reveal yet possible. Similar entire pretty. Effect unit state plant. Market the particular available.,https://realpython.github.io/fake-jobs/jobs/jewellery-designer-58.html
Ophthalmologist,"Fisher, Ryan and Coleman","Wilsonmouth, AA",Nature cup whom poor send through law national. Or which white get bring society industry. Look too reveal safe. Top his outside project us pass management serious. Child investment yourself still. Education red citizen notice feeling. Better child computer either.,https://realpython.github.io/fake-jobs/jobs/ophthalmologist-59.html
"Back-End Web Developer (Python, Django)",Stewart-Alexander,"South Kimberly, AA",Explore professional teamwork software developer dashboard distributed. Css asset distributed curious inclusive CSS. Professional motivated remote. Oversea web application Flask HTML CSS web application Java. Employ explore support Flask collaborate developer explore growth opportunity.,https://realpython.github.io/fake-jobs/jobs/back-end-web-developer-python-django-60.html
Futures trader,"Bryant, Santana and Davenport","Zacharyport, AA",Her become less. Religious around both place. Parent behind bank oil describe section. Suddenly idea common laugh environment. Phone positive idea throughout concern class. Deep minute top group.,https://realpython.github.io/fake-jobs/jobs/futures-trader-62.html
"Producer, radio","May, Taylor and Fisher","Davidside, AA",Believe industry yeah see country. Concern reach every put. Knowledge report national senior. Activity country itself eat former into. Foreign loss manage each. General college bed everybody. According speech personal task same yourself front. Suddenly really social standard even exist identify. Speak lay born. Form parent majority know participant. Increase ago surface weight. Back ten mention laugh.,https://realpython.github.io/fake-jobs/jobs/producer-radio-66.html
Dispensing optician,"Bailey, Owen and Thompson","Jamesville, AA",Drug dark wrong response. Agree tax form great education. See we find knowledge treatment development serious. Address star role yard son speech Democrat.,https://realpython.github.io/fake-jobs/jobs/dispensing-optician-67.html
Chartered loss adjuster,Leblanc LLC,"Lake Antonio, AA",Suffer space a would free finally. Society oil activity include audience white step. Star feel chance although address politics. Across do issue let spend compare. Lawyer attack simply protect something camera himself. Safe prepare blue tend. If executive success ago five information.,https://realpython.github.io/fake-jobs/jobs/chartered-loss-adjuster-69.html
"Back-End Web Developer (Python, Django)","Jackson, Ali and Mckee","New Elizabethside, AA",Detail-Oriented support Django. Build support support agile. Oversee SCRUM role coordinate distributed Python. Inclusive willing to learn build inclusive environmentally friendly developer. Discussions distributed remote build Flask growth opportunity. Environmentally Friendly talented software developer collaborate remote collaborate. Programs developer developer professional. Role asset company growth opportunity. Programs communities employ relocation. Software Developer CSS motivated. Discussions fast-growing discussions employ coordinate. Oversee curious detail-oriented dashboard detail-oriented. Company grit oversea support. Collaborate company support grit willing to learn company.,https://realpython.github.io/fake-jobs/jobs/back-end-web-developer-python-django-70.html
Print production planner,Wood Inc,"Port Jeremy, AA",Effect adult run point spring room. Travel responsibility cut hour pick Mrs. Soldier against take budget agency century. Anything trial factor culture. Drug north shake property fish plan. Expert assume every walk degree rise laugh citizen. Coach yard treat.,https://realpython.github.io/fake-jobs/jobs/print-production-planner-73.html
Systems developer,Collins Group,"New Elizabethtown, AA",Finish pressure recognize would pattern still simply. Candidate defense discussion cell among. Before study sound its practice how save. Personal which reflect decision particular network pull. Miss anyone number easy hotel news film building. Of wind white message laugh billion. Staff follow baby job game according board whole. Strategy black cultural pull above us.,https://realpython.github.io/fake-jobs/jobs/systems-developer-74.html
Field seismologist,Howard Group,"Seanfurt, AA",Religious question him amount will data school. During star much fine sometimes drive manage. Item land commercial guess push support save. Ever hospital arrive third quite beyond you out. Close among move class often bad character. Imagine affect explain single. Down try happen. Garden worry put he ask could. Edge change structure control career state six. Five old personal benefit.,https://realpython.github.io/fake-jobs/jobs/field-seismologist-77.html
Chief Strategy Officer,Kramer-Edwards,"Williambury, AA",Else social from side. Someone environmental production standard increase deal. Old yeah interview somebody. She half air important truth. Subject you face ready. Able report director pass machine want. Interesting idea if finally cold store business performance. Offer hope responsibility eight.,https://realpython.github.io/fake-jobs/jobs/chief-strategy-officer-78.html
Sports therapist,Spencer and Sons,"Hullview, AA",Apply western feeling. Popular too high inside somebody analysis. And give source share budget ready. Theory moment better. Senior alone option in evidence board business.,https://realpython.github.io/fake-jobs/jobs/sports-therapist-82.html
Legal executive,Hartman PLC,"West Ericstad, AA",Away girl produce class PM. Style become what may simple. Personal Democrat or cut. Measure trial whose thus goal test finish. Peace the agency to sell positive blood home. Dream surface health heart hold nice. Report reason country debate son. Consumer any space what practice.,https://realpython.github.io/fake-jobs/jobs/legal-executive-92.html
Furniture designer,Ortega-Lawrence,"North Tiffany, AA",Pressure under rock next week. Recognize so relationship risk. Similar myself improve.,https://realpython.github.io/fake-jobs/jobs/furniture-designer-98.html
